{
	"globalplace__timing__setup__tns": 0,
	"globalplace__timing__setup__ws": 1e+39,
	"globalplace__clock__skew__setup": 0,
	"globalplace__clock__skew__hold": 0,
	"globalplace__power__internal__total": 0,
	"globalplace__power__switching__total": 0,
	"globalplace__power__leakage__total": 2.52724e-10,
	"globalplace__power__total": 2.52724e-10,
	"globalplace__design__io": 4,
	"globalplace__design__die__area": 8550,
	"globalplace__design__core__area": 2531.18,
	"globalplace__design__instance__count": 96,
	"globalplace__design__instance__area": 879.23,
	"globalplace__design__instance__count__stdcell": 94,
	"globalplace__design__instance__area__stdcell": 410.394,
	"globalplace__design__instance__count__macros": 2,
	"globalplace__design__instance__area__macros": 468.837,
	"globalplace__design__instance__utilization": 0.34736,
	"globalplace__design__instance__utilization__stdcell": 0.198994
}