{
	"detailedplace__design__instance__displacement__total": 0,
	"detailedplace__design__instance__displacement__mean": 0,
	"detailedplace__design__instance__displacement__max": 0,
	"detailedplace__route__wirelength__estimated": 217.363,
	"detailedplace__design__violations": 0,
	"detailedplace__timing__setup__tns": 0,
	"detailedplace__timing__setup__ws": 1e+39,
	"detailedplace__clock__skew__setup": 0,
	"detailedplace__clock__skew__hold": 0,
	"detailedplace__power__internal__total": 0,
	"detailedplace__power__switching__total": 0,
	"detailedplace__power__leakage__total": 2.52724e-10,
	"detailedplace__power__total": 2.52724e-10,
	"detailedplace__design__io": 4,
	"detailedplace__design__die__area": 8550,
	"detailedplace__design__core__area": 2531.18,
	"detailedplace__design__instance__count": 96,
	"detailedplace__design__instance__area": 879.23,
	"detailedplace__design__instance__count__stdcell": 94,
	"detailedplace__design__instance__area__stdcell": 410.394,
	"detailedplace__design__instance__count__macros": 2,
	"detailedplace__design__instance__area__macros": 468.837,
	"detailedplace__design__instance__utilization": 0.34736,
	"detailedplace__design__instance__utilization__stdcell": 0.198994
}