{
	"globalroute__timing__setup__tns": 0,
	"globalroute__timing__setup__ws": 1e+39,
	"globalroute__clock__skew__setup": 0,
	"globalroute__clock__skew__hold": 0,
	"globalroute__power__internal__total": 0,
	"globalroute__power__switching__total": 0,
	"globalroute__power__leakage__total": 2.52724e-10,
	"globalroute__power__total": 2.52724e-10,
	"globalroute__design__io": 10,
	"globalroute__design__die__area": 8550,
	"globalroute__design__core__area": 2531.18,
	"globalroute__design__instance__count": 96,
	"globalroute__design__instance__area": 879.23,
	"globalroute__design__instance__count__stdcell": 94,
	"globalroute__design__instance__area__stdcell": 410.394,
	"globalroute__design__instance__count__macros": 2,
	"globalroute__design__instance__area__macros": 468.837,
	"globalroute__design__instance__utilization": 0.34736,
	"globalroute__design__instance__utilization__stdcell": 0.198994,
	"globalroute__antenna__violating__nets": 0,
	"globalroute__antenna__violating__pins": 0
}